{
  "project_info": {
    "project_number": "416275710424",
    "project_id": "javainstaclone-8b198",
    "storage_bucket": "javainstaclone-8b198.appspot.com"
  },
  "client": [
    {
      "client_info": {
        "mobilesdk_app_id": "1:416275710424:android:bd2bced9ac504c0ecb32ad",
        "android_client_info": {
          "package_name": "com.sevgibasar.javainstagramclone"
        }
      },
      "oauth_client": [],
      "api_key": [
        {
          "current_key": "AIzaSyCeXUUBJgCtoXnmutw0tAt3Vepvslp3Gcg"
        }
      ],
      "services": {
        "appinvite_service": {
          "other_platform_oauth_client": []
        }
      }
    }
  ],
  "configuration_version": "1"
}